Summary,Issue key,Issue id,Issue Type,Status,Project key,Project name,Project type,Project lead,Project lead id,Project description,Priority,Resolution,Assignee,Assignee Id,Reporter,Reporter Id,Creator,Creator Id,Created,Updated,Last Viewed,Resolved,Due date,Votes,Description,Environment,Watchers,Watchers,Watchers Id,Watchers Id,Original estimate,Remaining Estimate,Time Spent,Work Ratio,Σ Original Estimate,Σ Remaining Estimate,Σ Time Spent,Security Level,Custom field (Actual end),Custom field (Actual start),Custom field (Approvals),Custom field (Atlassian project),Custom field (Atlassian project status),Custom field (Category),Custom field (Change reason),Custom field (Change risk),Custom field (Change type),Custom field (Comments),Custom field (Confidence),Custom field (Delivery progress),Custom field (Delivery status),Custom field (Designs ready),Custom field (Development),Custom field (Documents),Custom field (Effort),Custom field (Epic Color),Custom field (Epic Name),Custom field (Epic Status),Custom field (Focus Areas),Custom field (Goals),Custom field (Idea archived),Custom field (Idea archived on),Custom field (Idea short description),Custom field (Impact),Custom field (Impact),Custom field (Impact score),Custom field (Insights),Custom field (Issue color),Custom field (Linked items),Custom field (Locked forms),Custom field (Open forms),Custom field (Project overview key),Custom field (Project overview status),Custom field (Project start),Custom field (Project target),Custom field (RICE score),Custom field (Rank),Custom field (Reach),Custom field (Request Type),Custom field (Roadmap),Custom field (Sentiment),Custom field (Spec ready),Sprint,Sprint,Custom field (Start date),Custom field (Story Points),Custom field (Story point estimate),Custom field (Submitted forms),Custom field (Target end),Custom field (Target start),Custom field (Team),Custom field (Total forms),Custom field (Value),Custom field (Vulnerability),Custom field ([CHART] Date of First Response),Custom field ([CHART] Time in Status),Custom field (development),Comment,Parent,Parent key,Parent summary,Status Category,Status Category Changed
Configure Gmail notification,BDC-72,10215,Subtask,Done,BDC,BMS-DevOps-Capstone,software,Saurabh Wakase,712020:bd0b7537-7920-472d-9b26-0209da07b19e,,Medium,Done,Saurabh Wakase,712020:bd0b7537-7920-472d-9b26-0209da07b19e,Saurabh Wakase,712020:bd0b7537-7920-472d-9b26-0209da07b19e,Saurabh Wakase,712020:bd0b7537-7920-472d-9b26-0209da07b19e,15/Sep/25 12:06 AM,15/Sep/25 3:04 AM,,15/Sep/25 3:04 AM,,0,,,Automation for Jira,Saurabh Wakase,557058:f58131cb-b67d-43c7-b30d-6b58d40bd077,712020:bd0b7537-7920-472d-9b26-0209da07b19e,,,,,,,,,,,com.atlassian.servicedesk.plugins.approvals.internal.customfield.ApprovalsCFValue@18d4b72e,,,,,,,,,,,,,,,,,,,,,,,,,,,,,,,,,,,,0|i000iz:,,,,,,BDC Sprint 1,,,,,,,,,,,,2025-09-14 18:36:25.594,10095_*:*_1_*:*_10694901_*|*_10097_*:*_1_*:*_0,,15/Sep/25 12:06 AM;557058:f58131cb-b67d-43c7-b30d-6b58d40bd077;Auto-assigned the task via automation rule.,10170,BDC-35,Configure Jenkins system,Done,15/Sep/25 3:04 AM
Setup Sonarqube server,BDC-71,10213,Subtask,Done,BDC,BMS-DevOps-Capstone,software,Saurabh Wakase,712020:bd0b7537-7920-472d-9b26-0209da07b19e,,Medium,Done,Saurabh Wakase,712020:bd0b7537-7920-472d-9b26-0209da07b19e,Saurabh Wakase,712020:bd0b7537-7920-472d-9b26-0209da07b19e,Saurabh Wakase,712020:bd0b7537-7920-472d-9b26-0209da07b19e,15/Sep/25 12:05 AM,15/Sep/25 3:04 AM,,15/Sep/25 3:04 AM,,0,,,Automation for Jira,Saurabh Wakase,557058:f58131cb-b67d-43c7-b30d-6b58d40bd077,712020:bd0b7537-7920-472d-9b26-0209da07b19e,,,,,,,,,,,com.atlassian.servicedesk.plugins.approvals.internal.customfield.ApprovalsCFValue@40e16f7c,,,,,,,,,,,,,,,,,,,,,,,,,,,,,,,,,,,,0|i000ir:,,,,,,BDC Sprint 1,,,,,,,,,,,,2025-09-14 18:36:01.933,10095_*:*_1_*:*_10715220_*|*_10097_*:*_1_*:*_0,,15/Sep/25 12:06 AM;557058:f58131cb-b67d-43c7-b30d-6b58d40bd077;Auto-assigned the task via automation rule.,10170,BDC-35,Configure Jenkins system,Done,15/Sep/25 3:04 AM
Add Gmail credentials,BDC-70,10211,Subtask,Done,BDC,BMS-DevOps-Capstone,software,Saurabh Wakase,712020:bd0b7537-7920-472d-9b26-0209da07b19e,,Medium,Done,Saurabh Wakase,712020:bd0b7537-7920-472d-9b26-0209da07b19e,Saurabh Wakase,712020:bd0b7537-7920-472d-9b26-0209da07b19e,Saurabh Wakase,712020:bd0b7537-7920-472d-9b26-0209da07b19e,15/Sep/25 12:05 AM,15/Sep/25 2:40 AM,,15/Sep/25 2:40 AM,,0,,,Automation for Jira,Saurabh Wakase,557058:f58131cb-b67d-43c7-b30d-6b58d40bd077,712020:bd0b7537-7920-472d-9b26-0209da07b19e,,,,,,,,,,,com.atlassian.servicedesk.plugins.approvals.internal.customfield.ApprovalsCFValue@7cc63394,,,,,,,,,,,,,,,,,,,,,,,,,,,,,,,,,,,,0|i000ij:,,,,,,BDC Sprint 1,,,,,,,,,,,,2025-09-14 18:35:40.526,10095_*:*_1_*:*_9294397_*|*_10097_*:*_1_*:*_0,,15/Sep/25 12:05 AM;557058:f58131cb-b67d-43c7-b30d-6b58d40bd077;Auto-assigned the task via automation rule.,10169,BDC-34,Configure Jenkins credentials,Done,15/Sep/25 2:40 AM
Add Dockerhub credentials,BDC-69,10209,Subtask,Done,BDC,BMS-DevOps-Capstone,software,Saurabh Wakase,712020:bd0b7537-7920-472d-9b26-0209da07b19e,,Medium,Done,Saurabh Wakase,712020:bd0b7537-7920-472d-9b26-0209da07b19e,Saurabh Wakase,712020:bd0b7537-7920-472d-9b26-0209da07b19e,Saurabh Wakase,712020:bd0b7537-7920-472d-9b26-0209da07b19e,15/Sep/25 12:05 AM,15/Sep/25 2:40 AM,,15/Sep/25 2:40 AM,,0,,,Automation for Jira,Saurabh Wakase,557058:f58131cb-b67d-43c7-b30d-6b58d40bd077,712020:bd0b7537-7920-472d-9b26-0209da07b19e,,,,,,,,,,,com.atlassian.servicedesk.plugins.approvals.internal.customfield.ApprovalsCFValue@64e380a7,,,,,,,,,,,,,,,,,,,,,,,,,,,,,,,,,,,,0|i000ib:,,,,,,BDC Sprint 1,,,,,,,,,,,,2025-09-14 18:35:29.728,10095_*:*_1_*:*_9302915_*|*_10097_*:*_1_*:*_0,,15/Sep/25 12:05 AM;557058:f58131cb-b67d-43c7-b30d-6b58d40bd077;Auto-assigned the task via automation rule.,10169,BDC-34,Configure Jenkins credentials,Done,15/Sep/25 2:40 AM
Add Sonarqube credentials,BDC-68,10207,Subtask,Done,BDC,BMS-DevOps-Capstone,software,Saurabh Wakase,712020:bd0b7537-7920-472d-9b26-0209da07b19e,,Medium,Done,Saurabh Wakase,712020:bd0b7537-7920-472d-9b26-0209da07b19e,Saurabh Wakase,712020:bd0b7537-7920-472d-9b26-0209da07b19e,Saurabh Wakase,712020:bd0b7537-7920-472d-9b26-0209da07b19e,15/Sep/25 12:05 AM,15/Sep/25 2:40 AM,,15/Sep/25 2:40 AM,,0,,,Automation for Jira,Saurabh Wakase,557058:f58131cb-b67d-43c7-b30d-6b58d40bd077,712020:bd0b7537-7920-472d-9b26-0209da07b19e,,,,,,,,,,,com.atlassian.servicedesk.plugins.approvals.internal.customfield.ApprovalsCFValue@cff9636,,,,,,,,,,,,,,,,,,,,,,,,,,,,,,,,,,,,0|i000i3:,,,,,,BDC Sprint 1,,,,,,,,,,,,2025-09-14 18:35:14.003,10095_*:*_1_*:*_9317093_*|*_10097_*:*_1_*:*_0,,15/Sep/25 12:05 AM;557058:f58131cb-b67d-43c7-b30d-6b58d40bd077;Auto-assigned the task via automation rule.,10169,BDC-34,Configure Jenkins credentials,Done,15/Sep/25 2:40 AM
add Sonarqube,BDC-67,10205,Subtask,Done,BDC,BMS-DevOps-Capstone,software,Saurabh Wakase,712020:bd0b7537-7920-472d-9b26-0209da07b19e,,Medium,Done,Saurabh Wakase,712020:bd0b7537-7920-472d-9b26-0209da07b19e,Saurabh Wakase,712020:bd0b7537-7920-472d-9b26-0209da07b19e,Saurabh Wakase,712020:bd0b7537-7920-472d-9b26-0209da07b19e,15/Sep/25 12:04 AM,15/Sep/25 2:40 AM,,15/Sep/25 2:40 AM,,0,,,Automation for Jira,Saurabh Wakase,557058:f58131cb-b67d-43c7-b30d-6b58d40bd077,712020:bd0b7537-7920-472d-9b26-0209da07b19e,,,,,,,,,,,com.atlassian.servicedesk.plugins.approvals.internal.customfield.ApprovalsCFValue@b499f95,,,,,,,,,,,,,,,,,,,,,,,,,,,,,,,,,,,,0|i000hv:,,,,,,BDC Sprint 1,,,,,,,,,,,,2025-09-14 18:34:58.371,10095_*:*_1_*:*_9319234_*|*_10097_*:*_1_*:*_0,,15/Sep/25 12:04 AM;557058:f58131cb-b67d-43c7-b30d-6b58d40bd077;Auto-assigned the task via automation rule.,10168,BDC-33,Configure Jenkins tools,Done,15/Sep/25 2:40 AM
add JDK,BDC-66,10203,Subtask,Done,BDC,BMS-DevOps-Capstone,software,Saurabh Wakase,712020:bd0b7537-7920-472d-9b26-0209da07b19e,,Medium,Done,Saurabh Wakase,712020:bd0b7537-7920-472d-9b26-0209da07b19e,Saurabh Wakase,712020:bd0b7537-7920-472d-9b26-0209da07b19e,Saurabh Wakase,712020:bd0b7537-7920-472d-9b26-0209da07b19e,15/Sep/25 12:04 AM,15/Sep/25 2:40 AM,,15/Sep/25 2:40 AM,,0,,,Automation for Jira,Saurabh Wakase,557058:f58131cb-b67d-43c7-b30d-6b58d40bd077,712020:bd0b7537-7920-472d-9b26-0209da07b19e,,,,,,,,,,,com.atlassian.servicedesk.plugins.approvals.internal.customfield.ApprovalsCFValue@33137eab,,,,,,,,,,,,,,,,,,,,,,,,,,,,,,,,,,,,0|i000hn:,,,,,,BDC Sprint 1,,,,,,,,,,,,2025-09-14 18:34:51.118,10095_*:*_1_*:*_9323521_*|*_10097_*:*_1_*:*_0,,15/Sep/25 12:04 AM;557058:f58131cb-b67d-43c7-b30d-6b58d40bd077;Auto-assigned the task via automation rule.,10168,BDC-33,Configure Jenkins tools,Done,15/Sep/25 2:40 AM
Push manfiests to github,BDC-65,10201,Subtask,Done,BDC,BMS-DevOps-Capstone,software,Saurabh Wakase,712020:bd0b7537-7920-472d-9b26-0209da07b19e,,Medium,Done,Saurabh Wakase,712020:bd0b7537-7920-472d-9b26-0209da07b19e,Saurabh Wakase,712020:bd0b7537-7920-472d-9b26-0209da07b19e,Saurabh Wakase,712020:bd0b7537-7920-472d-9b26-0209da07b19e,15/Sep/25 12:04 AM,15/Sep/25 3:47 AM,,15/Sep/25 3:47 AM,,0,,,Automation for Jira,Saurabh Wakase,557058:f58131cb-b67d-43c7-b30d-6b58d40bd077,712020:bd0b7537-7920-472d-9b26-0209da07b19e,,,,,,,,,,,com.atlassian.servicedesk.plugins.approvals.internal.customfield.ApprovalsCFValue@1d82647,,,,,,,,,,,,,,,,,,,,,,,,,,,,,,,,,,,,0|i000hf:,,,,,,BDC Sprint 1,BDC Sprint 2,,,,,,,,,,,2025-09-14 18:34:32.606,10095_*:*_1_*:*_13360920_*|*_10097_*:*_1_*:*_0,,15/Sep/25 12:04 AM;557058:f58131cb-b67d-43c7-b30d-6b58d40bd077;Auto-assigned the task via automation rule.,10191,BDC-56,Collect a screenshot of the email notification for deliverable,Done,15/Sep/25 3:47 AM
Organize the deliverables for submission,BDC-64,10199,Deliverables & Documentation,Done,BDC,BMS-DevOps-Capstone,software,Saurabh Wakase,712020:bd0b7537-7920-472d-9b26-0209da07b19e,,Medium,Done,Saurabh Wakase,712020:bd0b7537-7920-472d-9b26-0209da07b19e,Saurabh Wakase,712020:bd0b7537-7920-472d-9b26-0209da07b19e,Saurabh Wakase,712020:bd0b7537-7920-472d-9b26-0209da07b19e,15/Sep/25 12:04 AM,15/Sep/25 11:11 AM,,15/Sep/25 11:11 AM,,0,,,Automation for Jira,Saurabh Wakase,557058:f58131cb-b67d-43c7-b30d-6b58d40bd077,712020:bd0b7537-7920-472d-9b26-0209da07b19e,,,,,,,,,,,com.atlassian.servicedesk.plugins.approvals.internal.customfield.ApprovalsCFValue@b1baf03,,,,,,,,,,,,,,,,,,,,,,,,,,,,,,,,,,,,0|i000h7:,,,,,,BDC Sprint 1,BDC Sprint 2,,,,,,,,,,,2025-09-14 18:34:06.043,10095_*:*_1_*:*_40054769_*|*_10096_*:*_1_*:*_0,,15/Sep/25 12:04 AM;557058:f58131cb-b67d-43c7-b30d-6b58d40bd077;Auto-assigned the task via automation rule.,,,,Done,15/Sep/25 11:11 AM
Export Jira board for deliverables,BDC-63,10198,Deliverables & Documentation,Done,BDC,BMS-DevOps-Capstone,software,Saurabh Wakase,712020:bd0b7537-7920-472d-9b26-0209da07b19e,,Medium,Done,Saurabh Wakase,712020:bd0b7537-7920-472d-9b26-0209da07b19e,Saurabh Wakase,712020:bd0b7537-7920-472d-9b26-0209da07b19e,Saurabh Wakase,712020:bd0b7537-7920-472d-9b26-0209da07b19e,15/Sep/25 12:03 AM,15/Sep/25 11:11 AM,,15/Sep/25 11:11 AM,,0,,,Automation for Jira,Saurabh Wakase,557058:f58131cb-b67d-43c7-b30d-6b58d40bd077,712020:bd0b7537-7920-472d-9b26-0209da07b19e,,,,,,,,,,,com.atlassian.servicedesk.plugins.approvals.internal.customfield.ApprovalsCFValue@5fe8c101,,,,,,,,,,,,,,,,,,,,,,,,,,,,,,,,,,,,0|i000gz:,,,,,,BDC Sprint 1,BDC Sprint 2,,,,,,,,,,,2025-09-14 18:33:55.709,10095_*:*_1_*:*_40062419_*|*_10097_*:*_1_*:*_0,,15/Sep/25 12:03 AM;557058:f58131cb-b67d-43c7-b30d-6b58d40bd077;Auto-assigned the task via automation rule.,,,,Done,15/Sep/25 11:11 AM
Collect screenshots of the Jenkins performance as a deliverable,BDC-62,10197,Deliverables & Documentation,Done,BDC,BMS-DevOps-Capstone,software,Saurabh Wakase,712020:bd0b7537-7920-472d-9b26-0209da07b19e,,Medium,Done,Saurabh Wakase,712020:bd0b7537-7920-472d-9b26-0209da07b19e,Saurabh Wakase,712020:bd0b7537-7920-472d-9b26-0209da07b19e,Saurabh Wakase,712020:bd0b7537-7920-472d-9b26-0209da07b19e,15/Sep/25 12:03 AM,15/Sep/25 11:11 AM,,15/Sep/25 11:11 AM,,0,,,Automation for Jira,Saurabh Wakase,557058:f58131cb-b67d-43c7-b30d-6b58d40bd077,712020:bd0b7537-7920-472d-9b26-0209da07b19e,,,,,,,,,,,com.atlassian.servicedesk.plugins.approvals.internal.customfield.ApprovalsCFValue@71e6406b,,,,,,,,,,,,,,,,,,,,,,,,,,,,,,,,,,,,0|i000gr:,,,,,,BDC Sprint 1,BDC Sprint 2,,,,,,,,,,,2025-09-14 18:33:33.99,10095_*:*_1_*:*_40080980_*|*_10097_*:*_1_*:*_0,,15/Sep/25 12:03 AM;557058:f58131cb-b67d-43c7-b30d-6b58d40bd077;Auto-assigned the task via automation rule.,,,,Done,15/Sep/25 11:11 AM
Collect screenshots of the Node Exporter's dashboard as a deliverable,BDC-61,10196,Deliverables & Documentation,Done,BDC,BMS-DevOps-Capstone,software,Saurabh Wakase,712020:bd0b7537-7920-472d-9b26-0209da07b19e,,Medium,Done,Saurabh Wakase,712020:bd0b7537-7920-472d-9b26-0209da07b19e,Saurabh Wakase,712020:bd0b7537-7920-472d-9b26-0209da07b19e,Saurabh Wakase,712020:bd0b7537-7920-472d-9b26-0209da07b19e,15/Sep/25 12:03 AM,15/Sep/25 11:11 AM,,15/Sep/25 11:11 AM,,0,,,Automation for Jira,Saurabh Wakase,557058:f58131cb-b67d-43c7-b30d-6b58d40bd077,712020:bd0b7537-7920-472d-9b26-0209da07b19e,,,,,,,,,,,com.atlassian.servicedesk.plugins.approvals.internal.customfield.ApprovalsCFValue@897ae5d,,,,,,,,,,,,,,,,,,,,,,,,,,,,,,,,,,,,0|i000gj:,,,,,,BDC Sprint 1,BDC Sprint 2,,,,,,,,,,,2025-09-14 18:33:18.413,10095_*:*_1_*:*_13410598_*|*_10096_*:*_1_*:*_0,,15/Sep/25 12:03 AM;557058:f58131cb-b67d-43c7-b30d-6b58d40bd077;Auto-assigned the task via automation rule.,,,,Done,15/Sep/25 11:11 AM
Collect Kubernetes manifest files as a deliverable,BDC-60,10195,Deliverables & Documentation,Done,BDC,BMS-DevOps-Capstone,software,Saurabh Wakase,712020:bd0b7537-7920-472d-9b26-0209da07b19e,,Medium,Done,Saurabh Wakase,712020:bd0b7537-7920-472d-9b26-0209da07b19e,Saurabh Wakase,712020:bd0b7537-7920-472d-9b26-0209da07b19e,Saurabh Wakase,712020:bd0b7537-7920-472d-9b26-0209da07b19e,15/Sep/25 12:03 AM,15/Sep/25 11:11 AM,15/Sep/25 1:20 AM,15/Sep/25 11:11 AM,,0,,,Automation for Jira,Saurabh Wakase,557058:f58131cb-b67d-43c7-b30d-6b58d40bd077,712020:bd0b7537-7920-472d-9b26-0209da07b19e,,,,,,,,,,,com.atlassian.servicedesk.plugins.approvals.internal.customfield.ApprovalsCFValue@e57c5f4,,,,,,,,,,,,,,,,,,,,,,,,,,,,,,,,,,,,0|i000gb:,,,,,,BDC Sprint 1,BDC Sprint 2,,,,,,,,,,,2025-09-14 18:33:05.394,10095_*:*_1_*:*_13419659_*|*_10096_*:*_1_*:*_0,,15/Sep/25 12:03 AM;557058:f58131cb-b67d-43c7-b30d-6b58d40bd077;Auto-assigned the task via automation rule.,,,,Done,15/Sep/25 11:11 AM
Collect the SonarQube quality gate report as a deliverable,BDC-59,10194,Deliverables & Documentation,Done,BDC,BMS-DevOps-Capstone,software,Saurabh Wakase,712020:bd0b7537-7920-472d-9b26-0209da07b19e,,Medium,Done,Saurabh Wakase,712020:bd0b7537-7920-472d-9b26-0209da07b19e,Saurabh Wakase,712020:bd0b7537-7920-472d-9b26-0209da07b19e,Saurabh Wakase,712020:bd0b7537-7920-472d-9b26-0209da07b19e,15/Sep/25 12:02 AM,15/Sep/25 11:11 AM,,15/Sep/25 11:11 AM,,0,,,Automation for Jira,Saurabh Wakase,557058:f58131cb-b67d-43c7-b30d-6b58d40bd077,712020:bd0b7537-7920-472d-9b26-0209da07b19e,,,,,,,,,,,com.atlassian.servicedesk.plugins.approvals.internal.customfield.ApprovalsCFValue@4fb5d909,,,,,,,,,,,,,,,,,,,,,,,,,,,,,,,,,,,,0|i000g3:,,,,,,BDC Sprint 1,BDC Sprint 2,,,,,,,,,,,2025-09-14 18:32:54.501,10095_*:*_1_*:*_13425749_*|*_10096_*:*_1_*:*_0,,15/Sep/25 12:02 AM;557058:f58131cb-b67d-43c7-b30d-6b58d40bd077;Auto-assigned the task via automation rule.,,,,Done,15/Sep/25 11:11 AM
Collect the Dockerfile as a deliverable,BDC-58,10193,Deliverables & Documentation,Done,BDC,BMS-DevOps-Capstone,software,Saurabh Wakase,712020:bd0b7537-7920-472d-9b26-0209da07b19e,,Medium,Done,Saurabh Wakase,712020:bd0b7537-7920-472d-9b26-0209da07b19e,Saurabh Wakase,712020:bd0b7537-7920-472d-9b26-0209da07b19e,Saurabh Wakase,712020:bd0b7537-7920-472d-9b26-0209da07b19e,15/Sep/25 12:02 AM,15/Sep/25 11:11 AM,,15/Sep/25 11:11 AM,,0,,,Automation for Jira,Saurabh Wakase,557058:f58131cb-b67d-43c7-b30d-6b58d40bd077,712020:bd0b7537-7920-472d-9b26-0209da07b19e,,,,,,,,,,,com.atlassian.servicedesk.plugins.approvals.internal.customfield.ApprovalsCFValue@3e0fbcbf,,,,,,,,,,,,,,,,,,,,,,,,,,,,,,,,,,,,0|i000fv:,,,,,,BDC Sprint 1,BDC Sprint 2,,,,,,,,,,,2025-09-14 18:32:42.565,10095_*:*_1_*:*_13434831_*|*_10096_*:*_1_*:*_0,,15/Sep/25 12:02 AM;557058:f58131cb-b67d-43c7-b30d-6b58d40bd077;Auto-assigned the task via automation rule.,,,,Done,15/Sep/25 11:11 AM
Collect the Jenkinsfile as a deliverable,BDC-57,10192,Deliverables & Documentation,Done,BDC,BMS-DevOps-Capstone,software,Saurabh Wakase,712020:bd0b7537-7920-472d-9b26-0209da07b19e,,Medium,Done,Saurabh Wakase,712020:bd0b7537-7920-472d-9b26-0209da07b19e,Saurabh Wakase,712020:bd0b7537-7920-472d-9b26-0209da07b19e,Saurabh Wakase,712020:bd0b7537-7920-472d-9b26-0209da07b19e,15/Sep/25 12:02 AM,15/Sep/25 11:11 AM,,15/Sep/25 11:11 AM,,0,,,Automation for Jira,Saurabh Wakase,557058:f58131cb-b67d-43c7-b30d-6b58d40bd077,712020:bd0b7537-7920-472d-9b26-0209da07b19e,,,,,,,,,,,com.atlassian.servicedesk.plugins.approvals.internal.customfield.ApprovalsCFValue@318ad96c,,,,,,,,,,,,,,,,,,,,,,,,,,,,,,,,,,,,0|i000fn:,,,,,,BDC Sprint 1,BDC Sprint 2,,,,,,,,,,,2025-09-14 18:32:31.496,10095_*:*_1_*:*_13443135_*|*_10096_*:*_1_*:*_0,,15/Sep/25 12:02 AM;557058:f58131cb-b67d-43c7-b30d-6b58d40bd077;Auto-assigned the task via automation rule.,,,,Done,15/Sep/25 11:11 AM
Collect a screenshot of the email notification for deliverable,BDC-56,10191,Deliverables & Documentation,Done,BDC,BMS-DevOps-Capstone,software,Saurabh Wakase,712020:bd0b7537-7920-472d-9b26-0209da07b19e,,Medium,Done,Saurabh Wakase,712020:bd0b7537-7920-472d-9b26-0209da07b19e,Saurabh Wakase,712020:bd0b7537-7920-472d-9b26-0209da07b19e,Saurabh Wakase,712020:bd0b7537-7920-472d-9b26-0209da07b19e,15/Sep/25 12:01 AM,15/Sep/25 3:46 AM,15/Sep/25 11:09 AM,15/Sep/25 3:46 AM,,0,,,Automation for Jira,Saurabh Wakase,557058:f58131cb-b67d-43c7-b30d-6b58d40bd077,712020:bd0b7537-7920-472d-9b26-0209da07b19e,,,,,,,,,,,com.atlassian.servicedesk.plugins.approvals.internal.customfield.ApprovalsCFValue@7d1d8ab,,,,,,,,,,,,,,,,,,,,,,,,,,,,,,,,,,,,0|i000ev:,,,,,,BDC Sprint 1,BDC Sprint 2,,,,,,,,,,,2025-09-14 18:31:55.642,10095_*:*_1_*:*_11055197_*|*_10096_*:*_1_*:*_0,,15/Sep/25 12:01 AM;557058:f58131cb-b67d-43c7-b30d-6b58d40bd077;Auto-assigned the task via automation rule.,,,,Done,15/Sep/25 3:46 AM
Collect console build logs output as a deliverable,BDC-55,10190,Deliverables & Documentation,Done,BDC,BMS-DevOps-Capstone,software,Saurabh Wakase,712020:bd0b7537-7920-472d-9b26-0209da07b19e,,Medium,Done,Saurabh Wakase,712020:bd0b7537-7920-472d-9b26-0209da07b19e,Saurabh Wakase,712020:bd0b7537-7920-472d-9b26-0209da07b19e,Saurabh Wakase,712020:bd0b7537-7920-472d-9b26-0209da07b19e,15/Sep/25 12:01 AM,15/Sep/25 11:11 AM,,15/Sep/25 11:11 AM,,0,,,Automation for Jira,Saurabh Wakase,557058:f58131cb-b67d-43c7-b30d-6b58d40bd077,712020:bd0b7537-7920-472d-9b26-0209da07b19e,,,,,,,,,,,com.atlassian.servicedesk.plugins.approvals.internal.customfield.ApprovalsCFValue@16d6e382,,,,,,,,,,,,,,,,,,,,,,,,,,,,,,,,,,,,0|i000f7:,,,,,,BDC Sprint 1,BDC Sprint 2,,,,,,,,,,,2025-09-14 18:31:43.782,10095_*:*_1_*:*_13479921_*|*_10096_*:*_1_*:*_0,,15/Sep/25 12:01 AM;557058:f58131cb-b67d-43c7-b30d-6b58d40bd077;Auto-assigned the task via automation rule.,,,,Done,15/Sep/25 11:11 AM
Expose to the internet via NodePort service,BDC-54,10189,CI/CD Pipeline Development,Done,BDC,BMS-DevOps-Capstone,software,Saurabh Wakase,712020:bd0b7537-7920-472d-9b26-0209da07b19e,,Medium,Done,Saurabh Wakase,712020:bd0b7537-7920-472d-9b26-0209da07b19e,Saurabh Wakase,712020:bd0b7537-7920-472d-9b26-0209da07b19e,Saurabh Wakase,712020:bd0b7537-7920-472d-9b26-0209da07b19e,15/Sep/25 12:01 AM,15/Sep/25 3:46 AM,,15/Sep/25 3:46 AM,,0,,,Automation for Jira,Saurabh Wakase,557058:f58131cb-b67d-43c7-b30d-6b58d40bd077,712020:bd0b7537-7920-472d-9b26-0209da07b19e,,,,,,,,,,,com.atlassian.servicedesk.plugins.approvals.internal.customfield.ApprovalsCFValue@5a55c8d1,,,,,,,,,,,,,,,,,,,,,,,,,,,,,,,,,,,,0|i000ez:,,,,,,BDC Sprint 1,BDC Sprint 2,,,,,,,,,,,2025-09-14 18:31:23.836,10095_*:*_1_*:*_13495770_*|*_10097_*:*_1_*:*_0,,15/Sep/25 12:01 AM;557058:f58131cb-b67d-43c7-b30d-6b58d40bd077;Auto-assigned the task via automation rule.,,,,Done,15/Sep/25 3:46 AM
Deploy the application in EKS,BDC-53,10188,CI/CD Pipeline Development,Done,BDC,BMS-DevOps-Capstone,software,Saurabh Wakase,712020:bd0b7537-7920-472d-9b26-0209da07b19e,,Medium,Done,Saurabh Wakase,712020:bd0b7537-7920-472d-9b26-0209da07b19e,Saurabh Wakase,712020:bd0b7537-7920-472d-9b26-0209da07b19e,Saurabh Wakase,712020:bd0b7537-7920-472d-9b26-0209da07b19e,15/Sep/25 12:00 AM,15/Sep/25 3:46 AM,,15/Sep/25 3:46 AM,,0,,,Automation for Jira,Saurabh Wakase,557058:f58131cb-b67d-43c7-b30d-6b58d40bd077,712020:bd0b7537-7920-472d-9b26-0209da07b19e,,,,,,,,,,,com.atlassian.servicedesk.plugins.approvals.internal.customfield.ApprovalsCFValue@3d732b4e,,,,,,,,,,,,,,,,,,,,,,,,,,,,,,,,,,,,0|i000er:,,,,,,BDC Sprint 1,BDC Sprint 2,,,,,,,,,,,2025-09-14 18:31:00.179,10095_*:*_1_*:*_11108364_*|*_10096_*:*_1_*:*_0,,15/Sep/25 12:01 AM;557058:f58131cb-b67d-43c7-b30d-6b58d40bd077;Auto-assigned the task via automation rule.,,,,Done,15/Sep/25 3:46 AM
Write Kubernetes manifests,BDC-52,10187,CI/CD Pipeline Development,Done,BDC,BMS-DevOps-Capstone,software,Saurabh Wakase,712020:bd0b7537-7920-472d-9b26-0209da07b19e,,Medium,Done,Saurabh Wakase,712020:bd0b7537-7920-472d-9b26-0209da07b19e,Saurabh Wakase,712020:bd0b7537-7920-472d-9b26-0209da07b19e,Saurabh Wakase,712020:bd0b7537-7920-472d-9b26-0209da07b19e,15/Sep/25 12:00 AM,15/Sep/25 3:45 AM,,15/Sep/25 3:45 AM,,0,,,Automation for Jira,Saurabh Wakase,557058:f58131cb-b67d-43c7-b30d-6b58d40bd077,712020:bd0b7537-7920-472d-9b26-0209da07b19e,,,,,,,,,,,com.atlassian.servicedesk.plugins.approvals.internal.customfield.ApprovalsCFValue@38974b76,,,,,,,,,,,,,,,,,,,,,,,,,,,,,,,,,,,,0|i000ej:,,,,,,BDC Sprint 1,BDC Sprint 2,,,,,,,,,,,2025-09-14 18:30:33.911,10095_*:*_1_*:*_11132488_*|*_10096_*:*_1_*:*_0,,15/Sep/25 12:00 AM;557058:f58131cb-b67d-43c7-b30d-6b58d40bd077;Auto-assigned the task via automation rule.,,,,Done,15/Sep/25 3:45 AM
Configure Kubernetes cluster,BDC-51,10186,CI/CD Pipeline Development,Done,BDC,BMS-DevOps-Capstone,software,Saurabh Wakase,712020:bd0b7537-7920-472d-9b26-0209da07b19e,,Medium,Done,Saurabh Wakase,712020:bd0b7537-7920-472d-9b26-0209da07b19e,Saurabh Wakase,712020:bd0b7537-7920-472d-9b26-0209da07b19e,Saurabh Wakase,712020:bd0b7537-7920-472d-9b26-0209da07b19e,14/Sep/25 11:56 PM,15/Sep/25 3:45 AM,14/Sep/25 11:59 PM,15/Sep/25 3:45 AM,,0,,,Automation for Jira,Saurabh Wakase,557058:f58131cb-b67d-43c7-b30d-6b58d40bd077,712020:bd0b7537-7920-472d-9b26-0209da07b19e,,,,,,,,,,,com.atlassian.servicedesk.plugins.approvals.internal.customfield.ApprovalsCFValue@19fc7515,,,,,,,,,,,,,,,,,,,,,,,,,,,,,,,,,,,,0|i000eb:,,,,,,BDC Sprint 1,BDC Sprint 2,,,,,,,,,,,2025-09-14 18:27:00.366,10095_*:*_1_*:*_11343723_*|*_10096_*:*_1_*:*_0,,14/Sep/25 11:57 PM;557058:f58131cb-b67d-43c7-b30d-6b58d40bd077;Auto-assigned the task via automation rule.,,,,Done,15/Sep/25 3:45 AM
Import Jenkins dashboard via ID/link,BDC-50,10185,Monitoring & Dashboard Setup,Done,BDC,BMS-DevOps-Capstone,software,Saurabh Wakase,712020:bd0b7537-7920-472d-9b26-0209da07b19e,,Medium,Done,Saurabh Wakase,712020:bd0b7537-7920-472d-9b26-0209da07b19e,Saurabh Wakase,712020:bd0b7537-7920-472d-9b26-0209da07b19e,Saurabh Wakase,712020:bd0b7537-7920-472d-9b26-0209da07b19e,14/Sep/25 11:56 PM,15/Sep/25 3:45 AM,,15/Sep/25 3:45 AM,,0,,,Automation for Jira,Saurabh Wakase,557058:f58131cb-b67d-43c7-b30d-6b58d40bd077,712020:bd0b7537-7920-472d-9b26-0209da07b19e,,,,,,,,,,,com.atlassian.servicedesk.plugins.approvals.internal.customfield.ApprovalsCFValue@3f3d0b6d,,,,,,,,,,,,,,,,,,,,,,,,,,,,,,,,,,,,0|i000e3:,,,,,,BDC Sprint 1,BDC Sprint 2,,,,,,,,,,,2025-09-14 18:26:38.15,10095_*:*_1_*:*_11364258_*|*_10096_*:*_1_*:*_0,,14/Sep/25 11:56 PM;557058:f58131cb-b67d-43c7-b30d-6b58d40bd077;Auto-assigned the task via automation rule.,,,,Done,15/Sep/25 3:45 AM
Import Node Exporter dashboard via ID/link,BDC-49,10184,Monitoring & Dashboard Setup,Done,BDC,BMS-DevOps-Capstone,software,Saurabh Wakase,712020:bd0b7537-7920-472d-9b26-0209da07b19e,,Medium,Done,Saurabh Wakase,712020:bd0b7537-7920-472d-9b26-0209da07b19e,Saurabh Wakase,712020:bd0b7537-7920-472d-9b26-0209da07b19e,Saurabh Wakase,712020:bd0b7537-7920-472d-9b26-0209da07b19e,14/Sep/25 11:56 PM,15/Sep/25 3:05 AM,,15/Sep/25 3:05 AM,,0,,,Automation for Jira,Saurabh Wakase,557058:f58131cb-b67d-43c7-b30d-6b58d40bd077,712020:bd0b7537-7920-472d-9b26-0209da07b19e,,,,,,,,,,,com.atlassian.servicedesk.plugins.approvals.internal.customfield.ApprovalsCFValue@45138542,,,,,,,,,,,,,,,,,,,,,,,,,,,,,,,,,,,,0|i000dv:,,,,,,BDC Sprint 1,BDC Sprint 2,,,,,,,,,,,2025-09-14 18:26:28.334,10095_*:*_1_*:*_9771394_*|*_10096_*:*_1_*:*_0,,14/Sep/25 11:56 PM;557058:f58131cb-b67d-43c7-b30d-6b58d40bd077;Auto-assigned the task via automation rule.,,,,Done,15/Sep/25 3:05 AM
Add Prometheus as a data source in Grafana,BDC-48,10183,Monitoring & Dashboard Setup,Done,BDC,BMS-DevOps-Capstone,software,Saurabh Wakase,712020:bd0b7537-7920-472d-9b26-0209da07b19e,,Medium,Done,Saurabh Wakase,712020:bd0b7537-7920-472d-9b26-0209da07b19e,Saurabh Wakase,712020:bd0b7537-7920-472d-9b26-0209da07b19e,Saurabh Wakase,712020:bd0b7537-7920-472d-9b26-0209da07b19e,14/Sep/25 11:56 PM,15/Sep/25 3:05 AM,,15/Sep/25 3:05 AM,,0,,,Automation for Jira,Saurabh Wakase,557058:f58131cb-b67d-43c7-b30d-6b58d40bd077,712020:bd0b7537-7920-472d-9b26-0209da07b19e,,,,,,,,,,,com.atlassian.servicedesk.plugins.approvals.internal.customfield.ApprovalsCFValue@3174de71,,,,,,,,,,,,,,,,,,,,,,,,,,,,,,,,,,,,0|i000dn:,,,,,,BDC Sprint 1,BDC Sprint 2,,,,,,,,,,,2025-09-14 18:26:18.08,10095_*:*_1_*:*_9777891_*|*_10096_*:*_1_*:*_0,,14/Sep/25 11:56 PM;557058:f58131cb-b67d-43c7-b30d-6b58d40bd077;Auto-assigned the task via automation rule.,,,,Done,15/Sep/25 3:05 AM
Add Node Exporter to Prometheus,BDC-47,10182,Tool Installation & Configuration,Done,BDC,BMS-DevOps-Capstone,software,Saurabh Wakase,712020:bd0b7537-7920-472d-9b26-0209da07b19e,,Medium,Done,Saurabh Wakase,712020:bd0b7537-7920-472d-9b26-0209da07b19e,Saurabh Wakase,712020:bd0b7537-7920-472d-9b26-0209da07b19e,Saurabh Wakase,712020:bd0b7537-7920-472d-9b26-0209da07b19e,14/Sep/25 11:55 PM,15/Sep/25 3:05 AM,,15/Sep/25 3:05 AM,,0,,,Automation for Jira,Saurabh Wakase,557058:f58131cb-b67d-43c7-b30d-6b58d40bd077,712020:bd0b7537-7920-472d-9b26-0209da07b19e,,,,,,,,,,,com.atlassian.servicedesk.plugins.approvals.internal.customfield.ApprovalsCFValue@1b281965,,,,,,,,,,,,,,,,,,,,,,,,,,,,,,,,,,,,0|i000df:,,,,,,BDC Sprint 1,BDC Sprint 2,,,,,,,,,,,2025-09-14 18:25:08.943,10095_*:*_1_*:*_9844803_*|*_10096_*:*_1_*:*_0,,14/Sep/25 11:55 PM;557058:f58131cb-b67d-43c7-b30d-6b58d40bd077;Auto-assigned the task via automation rule.,,,,Done,15/Sep/25 3:05 AM
Add Jenkins metrics to Prometheus,BDC-46,10181,Tool Installation & Configuration,Done,BDC,BMS-DevOps-Capstone,software,Saurabh Wakase,712020:bd0b7537-7920-472d-9b26-0209da07b19e,,Medium,Done,Saurabh Wakase,712020:bd0b7537-7920-472d-9b26-0209da07b19e,Saurabh Wakase,712020:bd0b7537-7920-472d-9b26-0209da07b19e,Saurabh Wakase,712020:bd0b7537-7920-472d-9b26-0209da07b19e,14/Sep/25 11:54 PM,15/Sep/25 3:05 AM,14/Sep/25 11:54 PM,15/Sep/25 3:05 AM,,0,,,Automation for Jira,Saurabh Wakase,557058:f58131cb-b67d-43c7-b30d-6b58d40bd077,712020:bd0b7537-7920-472d-9b26-0209da07b19e,,,,,,,,,,,com.atlassian.servicedesk.plugins.approvals.internal.customfield.ApprovalsCFValue@c38cb27,,,,,,,,,,,,,,,,,,,,,,,,,,,,,,,,,,,,0|i000d7:,,,,,,BDC Sprint 1,BDC Sprint 2,,,,,,,,,,,2025-09-14 18:24:10.286,10095_*:*_1_*:*_9901230_*|*_10096_*:*_1_*:*_0,,14/Sep/25 11:54 PM;557058:f58131cb-b67d-43c7-b30d-6b58d40bd077;Auto-assigned the task via automation rule.,,,,Done,15/Sep/25 3:05 AM
Check for Prometheus after launching,BDC-45,10180,Pipeline Testing & Validation,Done,BDC,BMS-DevOps-Capstone,software,Saurabh Wakase,712020:bd0b7537-7920-472d-9b26-0209da07b19e,,Medium,Done,Saurabh Wakase,712020:bd0b7537-7920-472d-9b26-0209da07b19e,Saurabh Wakase,712020:bd0b7537-7920-472d-9b26-0209da07b19e,Saurabh Wakase,712020:bd0b7537-7920-472d-9b26-0209da07b19e,14/Sep/25 11:53 PM,15/Sep/25 3:05 AM,,15/Sep/25 3:05 AM,,0,,,Automation for Jira,Saurabh Wakase,557058:f58131cb-b67d-43c7-b30d-6b58d40bd077,712020:bd0b7537-7920-472d-9b26-0209da07b19e,,,,,,,,,,,com.atlassian.servicedesk.plugins.approvals.internal.customfield.ApprovalsCFValue@1579aa4a,,,,,,,,,,,,,,,,,,,,,,,,,,,,,,,,,,,,0|i000cz:,,,,,,BDC Sprint 1,BDC Sprint 2,,,,,,,,,,,2025-09-14 18:23:49.91,10095_*:*_1_*:*_9919806_*|*_10096_*:*_1_*:*_0,,14/Sep/25 11:53 PM;557058:f58131cb-b67d-43c7-b30d-6b58d40bd077;Auto-assigned the task via automation rule.,,,,Done,15/Sep/25 3:05 AM
Access the Docker deployment via the internet,BDC-44,10179,Pipeline Testing & Validation,Done,BDC,BMS-DevOps-Capstone,software,Saurabh Wakase,712020:bd0b7537-7920-472d-9b26-0209da07b19e,,Medium,Done,Saurabh Wakase,712020:bd0b7537-7920-472d-9b26-0209da07b19e,Saurabh Wakase,712020:bd0b7537-7920-472d-9b26-0209da07b19e,Saurabh Wakase,712020:bd0b7537-7920-472d-9b26-0209da07b19e,14/Sep/25 11:53 PM,15/Sep/25 2:39 AM,,15/Sep/25 2:39 AM,,0,,,Automation for Jira,Saurabh Wakase,557058:f58131cb-b67d-43c7-b30d-6b58d40bd077,712020:bd0b7537-7920-472d-9b26-0209da07b19e,,,,,,,,,,,com.atlassian.servicedesk.plugins.approvals.internal.customfield.ApprovalsCFValue@42c8adeb,,,,,,,,,,,,,,,,,,,,,,,,,,,,,,,,,,,,0|i000cr:,,,,,,BDC Sprint 1,,,,,,,,,,,,2025-09-14 18:23:20.559,10095_*:*_1_*:*_5063459_*|*_10096_*:*_1_*:*_0,,14/Sep/25 11:53 PM;557058:f58131cb-b67d-43c7-b30d-6b58d40bd077;Auto-assigned the task via automation rule.,,,,Done,15/Sep/25 2:39 AM
Check for Docker deployment via Jenkins,BDC-43,10178,Pipeline Testing & Validation,Done,BDC,BMS-DevOps-Capstone,software,Saurabh Wakase,712020:bd0b7537-7920-472d-9b26-0209da07b19e,,Medium,Done,Saurabh Wakase,712020:bd0b7537-7920-472d-9b26-0209da07b19e,Saurabh Wakase,712020:bd0b7537-7920-472d-9b26-0209da07b19e,Saurabh Wakase,712020:bd0b7537-7920-472d-9b26-0209da07b19e,14/Sep/25 11:53 PM,15/Sep/25 2:39 AM,,15/Sep/25 2:39 AM,,0,,,Automation for Jira,Saurabh Wakase,557058:f58131cb-b67d-43c7-b30d-6b58d40bd077,712020:bd0b7537-7920-472d-9b26-0209da07b19e,,,,,,,,,,,com.atlassian.servicedesk.plugins.approvals.internal.customfield.ApprovalsCFValue@8539bbe,,,,,,,,,,,,,,,,,,,,,,,,,,,,,,,,,,,,0|i000cj:,,,,,,BDC Sprint 1,,,,,,,,,,,,2025-09-14 18:23:10.194,10095_*:*_1_*:*_5069541_*|*_10096_*:*_1_*:*_0,,14/Sep/25 11:53 PM;557058:f58131cb-b67d-43c7-b30d-6b58d40bd077;Auto-assigned the task via automation rule.,,,,Done,15/Sep/25 2:39 AM
Check for email notification after pipeline execution,BDC-42,10177,Pipeline Testing & Validation,Done,BDC,BMS-DevOps-Capstone,software,Saurabh Wakase,712020:bd0b7537-7920-472d-9b26-0209da07b19e,,Medium,Done,Saurabh Wakase,712020:bd0b7537-7920-472d-9b26-0209da07b19e,Saurabh Wakase,712020:bd0b7537-7920-472d-9b26-0209da07b19e,Saurabh Wakase,712020:bd0b7537-7920-472d-9b26-0209da07b19e,14/Sep/25 11:52 PM,15/Sep/25 2:38 AM,,15/Sep/25 2:38 AM,,0,,,Automation for Jira,Saurabh Wakase,557058:f58131cb-b67d-43c7-b30d-6b58d40bd077,712020:bd0b7537-7920-472d-9b26-0209da07b19e,,,,,,,,,,,com.atlassian.servicedesk.plugins.approvals.internal.customfield.ApprovalsCFValue@42781860,,,,,,,,,,,,,,,,,,,,,,,,,,,,,,,,,,,,0|i000cb:,,,,,,BDC Sprint 1,,,,,,,,,,,,2025-09-14 18:22:54.732,10095_*:*_1_*:*_5081291_*|*_10096_*:*_1_*:*_0,,14/Sep/25 11:52 PM;557058:f58131cb-b67d-43c7-b30d-6b58d40bd077;Auto-assigned the task via automation rule.,,,,Done,15/Sep/25 2:38 AM
Create Jenkins job and execute the pipeline,BDC-41,10176,CI/CD Pipeline Development,Done,BDC,BMS-DevOps-Capstone,software,Saurabh Wakase,712020:bd0b7537-7920-472d-9b26-0209da07b19e,,Medium,Done,Saurabh Wakase,712020:bd0b7537-7920-472d-9b26-0209da07b19e,Saurabh Wakase,712020:bd0b7537-7920-472d-9b26-0209da07b19e,Saurabh Wakase,712020:bd0b7537-7920-472d-9b26-0209da07b19e,14/Sep/25 11:52 PM,15/Sep/25 2:38 AM,,15/Sep/25 2:38 AM,,0,,,Automation for Jira,Saurabh Wakase,557058:f58131cb-b67d-43c7-b30d-6b58d40bd077,712020:bd0b7537-7920-472d-9b26-0209da07b19e,,,,,,,,,,,com.atlassian.servicedesk.plugins.approvals.internal.customfield.ApprovalsCFValue@54cb0b10,,,,,,,,,,,,,,,,,,,,,,,,,,,,,,,,,,,,0|i000c3:,,,,,,BDC Sprint 1,,,,,,,,,,,,2025-09-14 18:22:26.864,10095_*:*_1_*:*_5106966_*|*_10096_*:*_1_*:*_0,,14/Sep/25 11:52 PM;557058:f58131cb-b67d-43c7-b30d-6b58d40bd077;Auto-assigned the task via automation rule.,,,,Done,15/Sep/25 2:38 AM
Push Jenkinsfile and Dockerfile to GitHub,BDC-40,10175,CI/CD Pipeline Development,Done,BDC,BMS-DevOps-Capstone,software,Saurabh Wakase,712020:bd0b7537-7920-472d-9b26-0209da07b19e,,Medium,Done,Saurabh Wakase,712020:bd0b7537-7920-472d-9b26-0209da07b19e,Saurabh Wakase,712020:bd0b7537-7920-472d-9b26-0209da07b19e,Saurabh Wakase,712020:bd0b7537-7920-472d-9b26-0209da07b19e,14/Sep/25 11:52 PM,15/Sep/25 2:38 AM,,15/Sep/25 2:38 AM,,0,,,Automation for Jira,Saurabh Wakase,557058:f58131cb-b67d-43c7-b30d-6b58d40bd077,712020:bd0b7537-7920-472d-9b26-0209da07b19e,,,,,,,,,,,com.atlassian.servicedesk.plugins.approvals.internal.customfield.ApprovalsCFValue@53eb5397,,,,,,,,,,,,,,,,,,,,,,,,,,,,,,,,,,,,0|i000bv:,,,,,,BDC Sprint 1,,,,,,,,,,,,2025-09-14 18:22:05.871,10095_*:*_1_*:*_5125706_*|*_10096_*:*_1_*:*_0,,14/Sep/25 11:52 PM;557058:f58131cb-b67d-43c7-b30d-6b58d40bd077;Auto-assigned the task via automation rule.,,,,Done,15/Sep/25 2:38 AM
Create Dockerfile,BDC-39,10174,CI/CD Pipeline Development,Done,BDC,BMS-DevOps-Capstone,software,Saurabh Wakase,712020:bd0b7537-7920-472d-9b26-0209da07b19e,,Medium,Done,Saurabh Wakase,712020:bd0b7537-7920-472d-9b26-0209da07b19e,Saurabh Wakase,712020:bd0b7537-7920-472d-9b26-0209da07b19e,Saurabh Wakase,712020:bd0b7537-7920-472d-9b26-0209da07b19e,14/Sep/25 11:51 PM,15/Sep/25 2:38 AM,,15/Sep/25 2:38 AM,,0,,,Automation for Jira,Saurabh Wakase,557058:f58131cb-b67d-43c7-b30d-6b58d40bd077,712020:bd0b7537-7920-472d-9b26-0209da07b19e,,,,,,,,,,,com.atlassian.servicedesk.plugins.approvals.internal.customfield.ApprovalsCFValue@32d5d883,,,,,,,,,,,,,,,,,,,,,,,,,,,,,,,,,,,,0|i000bn:,,,,,,BDC Sprint 1,,,,,,,,,,,,2025-09-14 18:21:55.305,10095_*:*_1_*:*_5134661_*|*_10096_*:*_1_*:*_0,,14/Sep/25 11:51 PM;557058:f58131cb-b67d-43c7-b30d-6b58d40bd077;Auto-assigned the task via automation rule.,,,,Done,15/Sep/25 2:38 AM
Write Jenkinsfile with stages,BDC-38,10173,CI/CD Pipeline Development,Done,BDC,BMS-DevOps-Capstone,software,Saurabh Wakase,712020:bd0b7537-7920-472d-9b26-0209da07b19e,,Medium,Done,Saurabh Wakase,712020:bd0b7537-7920-472d-9b26-0209da07b19e,Saurabh Wakase,712020:bd0b7537-7920-472d-9b26-0209da07b19e,Saurabh Wakase,712020:bd0b7537-7920-472d-9b26-0209da07b19e,14/Sep/25 11:51 PM,15/Sep/25 2:38 AM,,15/Sep/25 2:38 AM,,0,,,Automation for Jira,Saurabh Wakase,557058:f58131cb-b67d-43c7-b30d-6b58d40bd077,712020:bd0b7537-7920-472d-9b26-0209da07b19e,,,,,,,,,,,com.atlassian.servicedesk.plugins.approvals.internal.customfield.ApprovalsCFValue@254976a7,,,,,,,,,,,,,,,,,,,,,,,,,,,,,,,,,,,,0|i000bf:,,,,,,BDC Sprint 1,,,,,,,,,,,,2025-09-14 18:21:45.069,10095_*:*_1_*:*_5142884_*|*_10096_*:*_1_*:*_0,,14/Sep/25 11:51 PM;557058:f58131cb-b67d-43c7-b30d-6b58d40bd077;Auto-assigned the task via automation rule.,,,,Done,15/Sep/25 2:38 AM
Launch SonarQube as a Docker container,BDC-37,10172,Infrastructure Provisioning Task,Done,BDC,BMS-DevOps-Capstone,software,Saurabh Wakase,712020:bd0b7537-7920-472d-9b26-0209da07b19e,,Medium,Done,Saurabh Wakase,712020:bd0b7537-7920-472d-9b26-0209da07b19e,Saurabh Wakase,712020:bd0b7537-7920-472d-9b26-0209da07b19e,Saurabh Wakase,712020:bd0b7537-7920-472d-9b26-0209da07b19e,14/Sep/25 11:51 PM,15/Sep/25 1:17 AM,,15/Sep/25 1:17 AM,,0,,,Automation for Jira,Saurabh Wakase,557058:f58131cb-b67d-43c7-b30d-6b58d40bd077,712020:bd0b7537-7920-472d-9b26-0209da07b19e,,,,,,,,,,,com.atlassian.servicedesk.plugins.approvals.internal.customfield.ApprovalsCFValue@260a5243,,,,,,,,,,,,,,,,,,,,,,,,,,,,,,,,,,,,0|i000b7:,,,,,,BDC Sprint 1,,,,,,,,,,,,2025-09-14 18:21:33.519,10095_*:*_1_*:*_5175252_*|*_10097_*:*_1_*:*_0,,14/Sep/25 11:51 PM;557058:f58131cb-b67d-43c7-b30d-6b58d40bd077;Auto-assigned the task via automation rule.,,,,Done,15/Sep/25 1:17 AM
Install required plugins in Jenkins,BDC-36,10171,Infrastructure Provisioning Task,Done,BDC,BMS-DevOps-Capstone,software,Saurabh Wakase,712020:bd0b7537-7920-472d-9b26-0209da07b19e,,Medium,Done,Saurabh Wakase,712020:bd0b7537-7920-472d-9b26-0209da07b19e,Saurabh Wakase,712020:bd0b7537-7920-472d-9b26-0209da07b19e,Saurabh Wakase,712020:bd0b7537-7920-472d-9b26-0209da07b19e,14/Sep/25 11:50 PM,15/Sep/25 1:17 AM,,15/Sep/25 1:17 AM,,0,,,Automation for Jira,Saurabh Wakase,557058:f58131cb-b67d-43c7-b30d-6b58d40bd077,712020:bd0b7537-7920-472d-9b26-0209da07b19e,,,,,,,,,,,com.atlassian.servicedesk.plugins.approvals.internal.customfield.ApprovalsCFValue@695ab2fe,,,,,,,,,,,,,,,,,,,,,,,,,,,,,,,,,,,,0|i000az:,,,,,,BDC Sprint 1,,,,,,,,,,,,2025-09-14 18:20:35.924,10095_*:*_1_*:*_5203110_*|*_10097_*:*_1_*:*_0,,14/Sep/25 11:50 PM;557058:f58131cb-b67d-43c7-b30d-6b58d40bd077;Auto-assigned the task via automation rule.,,,,Done,15/Sep/25 1:17 AM
Configure Jenkins system,BDC-35,10170,Infrastructure Provisioning Task,Done,BDC,BMS-DevOps-Capstone,software,Saurabh Wakase,712020:bd0b7537-7920-472d-9b26-0209da07b19e,,Medium,Done,Saurabh Wakase,712020:bd0b7537-7920-472d-9b26-0209da07b19e,Saurabh Wakase,712020:bd0b7537-7920-472d-9b26-0209da07b19e,Saurabh Wakase,712020:bd0b7537-7920-472d-9b26-0209da07b19e,14/Sep/25 11:50 PM,15/Sep/25 1:17 AM,15/Sep/25 3:04 AM,15/Sep/25 1:17 AM,,0,,,Automation for Jira,Saurabh Wakase,557058:f58131cb-b67d-43c7-b30d-6b58d40bd077,712020:bd0b7537-7920-472d-9b26-0209da07b19e,,,,,,,,,,,com.atlassian.servicedesk.plugins.approvals.internal.customfield.ApprovalsCFValue@75577e96,,,,,,,,,,,,,,,,,,,,,,,,,,,,,,,,,,,,0|i0008q:i,,,,,,BDC Sprint 1,,,,,,,,,,,,2025-09-14 18:20:25.842,10095_*:*_1_*:*_1302077_*|*_10096_*:*_1_*:*_0,,14/Sep/25 11:50 PM;557058:f58131cb-b67d-43c7-b30d-6b58d40bd077;Auto-assigned the task via automation rule.,,,,Done,15/Sep/25 1:17 AM
Configure Jenkins credentials,BDC-34,10169,Infrastructure Provisioning Task,Done,BDC,BMS-DevOps-Capstone,software,Saurabh Wakase,712020:bd0b7537-7920-472d-9b26-0209da07b19e,,Medium,Done,Saurabh Wakase,712020:bd0b7537-7920-472d-9b26-0209da07b19e,Saurabh Wakase,712020:bd0b7537-7920-472d-9b26-0209da07b19e,Saurabh Wakase,712020:bd0b7537-7920-472d-9b26-0209da07b19e,14/Sep/25 11:50 PM,15/Sep/25 1:17 AM,15/Sep/25 2:40 AM,15/Sep/25 1:17 AM,,0,,,Automation for Jira,Saurabh Wakase,557058:f58131cb-b67d-43c7-b30d-6b58d40bd077,712020:bd0b7537-7920-472d-9b26-0209da07b19e,,,,,,,,,,,com.atlassian.servicedesk.plugins.approvals.internal.customfield.ApprovalsCFValue@73a4cfdc,,,,,,,,,,,,,,,,,,,,,,,,,,,,,,,,,,,,0|i0008q:,,,,,,BDC Sprint 1,,,,,,,,,,,,2025-09-14 18:20:17.132,10095_*:*_1_*:*_1307469_*|*_10096_*:*_1_*:*_0,,14/Sep/25 11:50 PM;557058:f58131cb-b67d-43c7-b30d-6b58d40bd077;Auto-assigned the task via automation rule.,,,,Done,15/Sep/25 1:17 AM
Configure Jenkins tools,BDC-33,10168,Infrastructure Provisioning Task,Done,BDC,BMS-DevOps-Capstone,software,Saurabh Wakase,712020:bd0b7537-7920-472d-9b26-0209da07b19e,,Medium,Done,Saurabh Wakase,712020:bd0b7537-7920-472d-9b26-0209da07b19e,Saurabh Wakase,712020:bd0b7537-7920-472d-9b26-0209da07b19e,Saurabh Wakase,712020:bd0b7537-7920-472d-9b26-0209da07b19e,14/Sep/25 11:50 PM,15/Sep/25 1:17 AM,15/Sep/25 2:40 AM,15/Sep/25 1:17 AM,,0,,,Automation for Jira,Saurabh Wakase,557058:f58131cb-b67d-43c7-b30d-6b58d40bd077,712020:bd0b7537-7920-472d-9b26-0209da07b19e,,,,,,,,,,,com.atlassian.servicedesk.plugins.approvals.internal.customfield.ApprovalsCFValue@1db67341,,,,,,,,,,,,,,,,,,,,,,,,,,,,,,,,,,,,0|i0007y:,,,,,,BDC Sprint 1,,,,,,,,,,,,2025-09-14 18:20:09.683,10095_*:*_1_*:*_1312065_*|*_10096_*:*_1_*:*_0,,14/Sep/25 11:50 PM;557058:f58131cb-b67d-43c7-b30d-6b58d40bd077;Auto-assigned the task via automation rule.,,,,Done,15/Sep/25 1:17 AM
Set up Jenkins server,BDC-32,10167,Infrastructure Provisioning Task,Done,BDC,BMS-DevOps-Capstone,software,Saurabh Wakase,712020:bd0b7537-7920-472d-9b26-0209da07b19e,,Medium,Done,Saurabh Wakase,712020:bd0b7537-7920-472d-9b26-0209da07b19e,Saurabh Wakase,712020:bd0b7537-7920-472d-9b26-0209da07b19e,Saurabh Wakase,712020:bd0b7537-7920-472d-9b26-0209da07b19e,14/Sep/25 11:49 PM,15/Sep/25 1:16 AM,14/Sep/25 11:49 PM,15/Sep/25 1:16 AM,,0,,,Automation for Jira,Saurabh Wakase,557058:f58131cb-b67d-43c7-b30d-6b58d40bd077,712020:bd0b7537-7920-472d-9b26-0209da07b19e,,,,,,,,,,,com.atlassian.servicedesk.plugins.approvals.internal.customfield.ApprovalsCFValue@edad6ee,,,,,,,,,,,,,,,,,,,,,,,,,,,,,,,,,,,,0|i0007u:,,,,,,BDC Sprint 1,,,,,,,,,,,,2025-09-14 18:19:28.163,10095_*:*_1_*:*_1349148_*|*_10096_*:*_1_*:*_0,,14/Sep/25 11:49 PM;557058:f58131cb-b67d-43c7-b30d-6b58d40bd077;Auto-assigned the task via automation rule.,,,,Done,15/Sep/25 1:16 AM
Install grafhana on Monitoring server,BDC-31,10166,Subtask,Done,BDC,BMS-DevOps-Capstone,software,Saurabh Wakase,712020:bd0b7537-7920-472d-9b26-0209da07b19e,,Medium,Done,Saurabh Wakase,712020:bd0b7537-7920-472d-9b26-0209da07b19e,Saurabh Wakase,712020:bd0b7537-7920-472d-9b26-0209da07b19e,Saurabh Wakase,712020:bd0b7537-7920-472d-9b26-0209da07b19e,14/Sep/25 11:49 PM,15/Sep/25 3:04 AM,,15/Sep/25 3:04 AM,,0,,,Automation for Jira,Saurabh Wakase,557058:f58131cb-b67d-43c7-b30d-6b58d40bd077,712020:bd0b7537-7920-472d-9b26-0209da07b19e,,,,,,,,,,,com.atlassian.servicedesk.plugins.approvals.internal.customfield.ApprovalsCFValue@322b4889,,,,,,,,,,,,,,,,,,,,,,,,,,,,,,,,,,,,0|i0009v:,,,,,,BDC Sprint 1,,,,,,,,,,,,2025-09-14 18:19:09.688,10095_*:*_1_*:*_11707056_*|*_10097_*:*_1_*:*_0,,14/Sep/25 11:49 PM;557058:f58131cb-b67d-43c7-b30d-6b58d40bd077;Auto-assigned the task via automation rule.,10154,BDC-25,Install Softwares on servers,Done,15/Sep/25 3:04 AM
Install Node exporter on Monitoring server,BDC-30,10164,Subtask,Done,BDC,BMS-DevOps-Capstone,software,Saurabh Wakase,712020:bd0b7537-7920-472d-9b26-0209da07b19e,,Medium,Done,Saurabh Wakase,712020:bd0b7537-7920-472d-9b26-0209da07b19e,Saurabh Wakase,712020:bd0b7537-7920-472d-9b26-0209da07b19e,Saurabh Wakase,712020:bd0b7537-7920-472d-9b26-0209da07b19e,14/Sep/25 11:49 PM,15/Sep/25 3:04 AM,,15/Sep/25 3:04 AM,,0,,,Automation for Jira,Saurabh Wakase,557058:f58131cb-b67d-43c7-b30d-6b58d40bd077,712020:bd0b7537-7920-472d-9b26-0209da07b19e,,,,,,,,,,,com.atlassian.servicedesk.plugins.approvals.internal.customfield.ApprovalsCFValue@20d895cf,,,,,,,,,,,,,,,,,,,,,,,,,,,,,,,,,,,,0|i0009n:,,,,,,BDC Sprint 1,,,,,,,,,,,,2025-09-14 18:19:01.985,10095_*:*_1_*:*_11710581_*|*_10097_*:*_1_*:*_0,,14/Sep/25 11:49 PM;557058:f58131cb-b67d-43c7-b30d-6b58d40bd077;Auto-assigned the task via automation rule.,10154,BDC-25,Install Softwares on servers,Done,15/Sep/25 3:04 AM
Install Prometheus on Monitoring server,BDC-29,10162,Subtask,Done,BDC,BMS-DevOps-Capstone,software,Saurabh Wakase,712020:bd0b7537-7920-472d-9b26-0209da07b19e,,Medium,Done,Saurabh Wakase,712020:bd0b7537-7920-472d-9b26-0209da07b19e,Saurabh Wakase,712020:bd0b7537-7920-472d-9b26-0209da07b19e,Saurabh Wakase,712020:bd0b7537-7920-472d-9b26-0209da07b19e,14/Sep/25 11:48 PM,15/Sep/25 3:04 AM,,15/Sep/25 3:04 AM,,0,,,Automation for Jira,Saurabh Wakase,557058:f58131cb-b67d-43c7-b30d-6b58d40bd077,712020:bd0b7537-7920-472d-9b26-0209da07b19e,,,,,,,,,,,com.atlassian.servicedesk.plugins.approvals.internal.customfield.ApprovalsCFValue@58a162b5,,,,,,,,,,,,,,,,,,,,,,,,,,,,,,,,,,,,0|i0009f:,,,,,,BDC Sprint 1,,,,,,,,,,,,2025-09-14 18:18:51.538,10095_*:*_1_*:*_11718010_*|*_10097_*:*_1_*:*_0,,14/Sep/25 11:48 PM;557058:f58131cb-b67d-43c7-b30d-6b58d40bd077;Auto-assigned the task via automation rule.,10154,BDC-25,Install Softwares on servers,Done,15/Sep/25 3:04 AM
Install sonarqube on Jenkins server,BDC-28,10160,Subtask,Done,BDC,BMS-DevOps-Capstone,software,Saurabh Wakase,712020:bd0b7537-7920-472d-9b26-0209da07b19e,,Medium,Done,Saurabh Wakase,712020:bd0b7537-7920-472d-9b26-0209da07b19e,Saurabh Wakase,712020:bd0b7537-7920-472d-9b26-0209da07b19e,Saurabh Wakase,712020:bd0b7537-7920-472d-9b26-0209da07b19e,14/Sep/25 11:48 PM,15/Sep/25 3:04 AM,,15/Sep/25 3:04 AM,,0,,,Automation for Jira,Saurabh Wakase,557058:f58131cb-b67d-43c7-b30d-6b58d40bd077,712020:bd0b7537-7920-472d-9b26-0209da07b19e,,,,,,,,,,,com.atlassian.servicedesk.plugins.approvals.internal.customfield.ApprovalsCFValue@13f06c52,,,,,,,,,,,,,,,,,,,,,,,,,,,,,,,,,,,,0|i00097:,,,,,,BDC Sprint 1,,,,,,,,,,,,2025-09-14 18:18:36.796,10095_*:*_1_*:*_11728512_*|*_10097_*:*_1_*:*_0,,14/Sep/25 11:48 PM;557058:f58131cb-b67d-43c7-b30d-6b58d40bd077;Auto-assigned the task via automation rule.,10154,BDC-25,Install Softwares on servers,Done,15/Sep/25 3:04 AM
Install java and jenkins on Jenkins server,BDC-27,10158,Subtask,Done,BDC,BMS-DevOps-Capstone,software,Saurabh Wakase,712020:bd0b7537-7920-472d-9b26-0209da07b19e,,Medium,Done,Saurabh Wakase,712020:bd0b7537-7920-472d-9b26-0209da07b19e,Saurabh Wakase,712020:bd0b7537-7920-472d-9b26-0209da07b19e,Saurabh Wakase,712020:bd0b7537-7920-472d-9b26-0209da07b19e,14/Sep/25 11:48 PM,15/Sep/25 3:03 AM,,15/Sep/25 3:03 AM,,0,,,Automation for Jira,Saurabh Wakase,557058:f58131cb-b67d-43c7-b30d-6b58d40bd077,712020:bd0b7537-7920-472d-9b26-0209da07b19e,,,,,,,,,,,com.atlassian.servicedesk.plugins.approvals.internal.customfield.ApprovalsCFValue@286618e9,,,,,,,,,,,,,,,,,,,,,,,,,,,,,,,,,,,,0|i0008z:,,,,,,BDC Sprint 1,,,,,,,,,,,,2025-09-14 18:18:29.562,10095_*:*_1_*:*_11729690_*|*_10097_*:*_1_*:*_0,,14/Sep/25 11:48 PM;557058:f58131cb-b67d-43c7-b30d-6b58d40bd077;Auto-assigned the task via automation rule.,10154,BDC-25,Install Softwares on servers,Done,15/Sep/25 3:03 AM
Install docker on Jenkins server,BDC-26,10156,Subtask,Done,BDC,BMS-DevOps-Capstone,software,Saurabh Wakase,712020:bd0b7537-7920-472d-9b26-0209da07b19e,,Medium,Done,Saurabh Wakase,712020:bd0b7537-7920-472d-9b26-0209da07b19e,Saurabh Wakase,712020:bd0b7537-7920-472d-9b26-0209da07b19e,Saurabh Wakase,712020:bd0b7537-7920-472d-9b26-0209da07b19e,14/Sep/25 11:48 PM,15/Sep/25 3:03 AM,,15/Sep/25 3:03 AM,,0,,,Automation for Jira,Saurabh Wakase,557058:f58131cb-b67d-43c7-b30d-6b58d40bd077,712020:bd0b7537-7920-472d-9b26-0209da07b19e,,,,,,,,,,,com.atlassian.servicedesk.plugins.approvals.internal.customfield.ApprovalsCFValue@65f1d4e2,,,,,,,,,,,,,,,,,,,,,,,,,,,,,,,,,,,,0|i0008r:,,,,,,BDC Sprint 1,,,,,,,,,,,,2025-09-14 18:18:14.735,10095_*:*_1_*:*_11741889_*|*_10097_*:*_1_*:*_0,,14/Sep/25 11:48 PM;557058:f58131cb-b67d-43c7-b30d-6b58d40bd077;Auto-assigned the task via automation rule.,10154,BDC-25,Install Softwares on servers,Done,15/Sep/25 3:03 AM
Install Softwares on servers,BDC-25,10154,Infrastructure Provisioning Task,Done,BDC,BMS-DevOps-Capstone,software,Saurabh Wakase,712020:bd0b7537-7920-472d-9b26-0209da07b19e,,Medium,Done,Saurabh Wakase,712020:bd0b7537-7920-472d-9b26-0209da07b19e,Saurabh Wakase,712020:bd0b7537-7920-472d-9b26-0209da07b19e,Saurabh Wakase,712020:bd0b7537-7920-472d-9b26-0209da07b19e,14/Sep/25 11:47 PM,15/Sep/25 1:16 AM,15/Sep/25 3:03 AM,15/Sep/25 1:16 AM,,0,,,Automation for Jira,Saurabh Wakase,557058:f58131cb-b67d-43c7-b30d-6b58d40bd077,712020:bd0b7537-7920-472d-9b26-0209da07b19e,,,,,,,,,,,com.atlassian.servicedesk.plugins.approvals.internal.customfield.ApprovalsCFValue@2431423d,,,,,,,,,,,,,,,,,,,,,,,,,,,,,,,,,,,,0|i0007m:,,,,,,BDC Sprint 1,,,,,,,,,,,,2025-09-14 18:17:53.903,10095_*:*_1_*:*_1435486_*|*_10096_*:*_1_*:*_0,,14/Sep/25 11:47 PM;557058:f58131cb-b67d-43c7-b30d-6b58d40bd077;Auto-assigned the task via automation rule.,,,,Done,15/Sep/25 1:16 AM
launch monitoring server instance,BDC-24,10153,Subtask,Done,BDC,BMS-DevOps-Capstone,software,Saurabh Wakase,712020:bd0b7537-7920-472d-9b26-0209da07b19e,,Medium,Done,Saurabh Wakase,712020:bd0b7537-7920-472d-9b26-0209da07b19e,Saurabh Wakase,712020:bd0b7537-7920-472d-9b26-0209da07b19e,Saurabh Wakase,712020:bd0b7537-7920-472d-9b26-0209da07b19e,14/Sep/25 11:46 PM,15/Sep/25 2:39 AM,,15/Sep/25 2:39 AM,,0,,,Automation for Jira,Saurabh Wakase,557058:f58131cb-b67d-43c7-b30d-6b58d40bd077,712020:bd0b7537-7920-472d-9b26-0209da07b19e,,,,,,,,,,,com.atlassian.servicedesk.plugins.approvals.internal.customfield.ApprovalsCFValue@27769bf0,,,,,,,,,,,,,,,,,,,,,,,,,,,,,,,,,,,,0|i0008b:,,,,,,BDC Sprint 1,,,,,,,,,,,,2025-09-14 18:16:04.671,10095_*:*_1_*:*_10435966_*|*_10097_*:*_1_*:*_0,,14/Sep/25 11:46 PM;557058:f58131cb-b67d-43c7-b30d-6b58d40bd077;Auto-assigned the task via automation rule.,10149,BDC-22,Launch Instances and Security group,Done,15/Sep/25 2:39 AM
launch jenkins server instance,BDC-23,10151,Subtask,Done,BDC,BMS-DevOps-Capstone,software,Saurabh Wakase,712020:bd0b7537-7920-472d-9b26-0209da07b19e,,Medium,Done,Saurabh Wakase,712020:bd0b7537-7920-472d-9b26-0209da07b19e,Saurabh Wakase,712020:bd0b7537-7920-472d-9b26-0209da07b19e,Saurabh Wakase,712020:bd0b7537-7920-472d-9b26-0209da07b19e,14/Sep/25 11:45 PM,15/Sep/25 2:39 AM,,15/Sep/25 2:39 AM,,0,,,Automation for Jira,Saurabh Wakase,557058:f58131cb-b67d-43c7-b30d-6b58d40bd077,712020:bd0b7537-7920-472d-9b26-0209da07b19e,,,,,,,,,,,com.atlassian.servicedesk.plugins.approvals.internal.customfield.ApprovalsCFValue@60740cda,,,,,,,,,,,,,,,,,,,,,,,,,,,,,,,,,,,,0|i00083:,,,,,,BDC Sprint 1,,,,,,,,,,,,2025-09-14 18:15:54.673,10095_*:*_1_*:*_10443357_*|*_10097_*:*_1_*:*_0,,14/Sep/25 11:45 PM;557058:f58131cb-b67d-43c7-b30d-6b58d40bd077;Auto-assigned the task via automation rule.,10149,BDC-22,Launch Instances and Security group,Done,15/Sep/25 2:39 AM
Launch Instances and Security group,BDC-22,10149,Infrastructure Provisioning Task,Done,BDC,BMS-DevOps-Capstone,software,Saurabh Wakase,712020:bd0b7537-7920-472d-9b26-0209da07b19e,,Medium,Done,Saurabh Wakase,712020:bd0b7537-7920-472d-9b26-0209da07b19e,Saurabh Wakase,712020:bd0b7537-7920-472d-9b26-0209da07b19e,Saurabh Wakase,712020:bd0b7537-7920-472d-9b26-0209da07b19e,14/Sep/25 11:45 PM,15/Sep/25 12:11 AM,15/Sep/25 2:39 AM,15/Sep/25 12:11 AM,,0,,,Automation for Jira,Saurabh Wakase,557058:f58131cb-b67d-43c7-b30d-6b58d40bd077,712020:bd0b7537-7920-472d-9b26-0209da07b19e,,,,,,,,,,,com.atlassian.servicedesk.plugins.approvals.internal.customfield.ApprovalsCFValue@23110667,,,,,,,,,,,,,,,,,,,,,,,,,,,,,,,,,,,,0|i00075:,,,,,,BDC Sprint 1,,,,,,,,,,,,2025-09-14 18:15:30.554,10095_*:*_1_*:*_1534199_*|*_10097_*:*_1_*:*_0,,14/Sep/25 11:45 PM;557058:f58131cb-b67d-43c7-b30d-6b58d40bd077;Auto-assigned the task via automation rule.,,,,Done,15/Sep/25 12:11 AM
Create Terraform scripts for launching Security Group and EC2 instances,BDC-21,10148,Infrastructure Provisioning Task,Done,BDC,BMS-DevOps-Capstone,software,Saurabh Wakase,712020:bd0b7537-7920-472d-9b26-0209da07b19e,,Medium,Done,Saurabh Wakase,712020:bd0b7537-7920-472d-9b26-0209da07b19e,Saurabh Wakase,712020:bd0b7537-7920-472d-9b26-0209da07b19e,Saurabh Wakase,712020:bd0b7537-7920-472d-9b26-0209da07b19e,14/Sep/25 11:44 PM,15/Sep/25 12:11 AM,,15/Sep/25 12:11 AM,,0,,,Automation for Jira,Saurabh Wakase,557058:f58131cb-b67d-43c7-b30d-6b58d40bd077,712020:bd0b7537-7920-472d-9b26-0209da07b19e,,,,,,,,,,,com.atlassian.servicedesk.plugins.approvals.internal.customfield.ApprovalsCFValue@12e29497,,,,,,,,,,,,,,,,,,,,,,,,,,,,,,,,,,,,0|i00073:,,,,,,BDC Sprint 1,,,,,,,,,,,,2025-09-14 18:14:22.437,10095_*:*_1_*:*_1599877_*|*_10097_*:*_1_*:*_0,,14/Sep/25 11:44 PM;557058:f58131cb-b67d-43c7-b30d-6b58d40bd077;Auto-assigned the task via automation rule.,,,,Done,15/Sep/25 12:11 AM
Collect pull request link as a deliverable,BDC-20,10147,Deliverables & Documentation,Done,BDC,BMS-DevOps-Capstone,software,Saurabh Wakase,712020:bd0b7537-7920-472d-9b26-0209da07b19e,,Medium,Done,Saurabh Wakase,712020:bd0b7537-7920-472d-9b26-0209da07b19e,Saurabh Wakase,712020:bd0b7537-7920-472d-9b26-0209da07b19e,Saurabh Wakase,712020:bd0b7537-7920-472d-9b26-0209da07b19e,14/Sep/25 11:43 PM,15/Sep/25 12:11 AM,,15/Sep/25 12:11 AM,,0,,,Automation for Jira,Saurabh Wakase,557058:f58131cb-b67d-43c7-b30d-6b58d40bd077,712020:bd0b7537-7920-472d-9b26-0209da07b19e,,,,,,,,,,,com.atlassian.servicedesk.plugins.approvals.internal.customfield.ApprovalsCFValue@48bd4313,,,,,,,,,,,,,,,,,,,,,,,,,,,,,,,,,,,,0|i0006v:,,,,,,BDC Sprint 1,,,,,,,,,,,,2025-09-14 18:13:56.432,10095_*:*_1_*:*_189878_*|*_10096_*:*_1_*:*_0,,14/Sep/25 11:43 PM;557058:f58131cb-b67d-43c7-b30d-6b58d40bd077;Auto-assigned the task via automation rule.,,,,Done,15/Sep/25 12:11 AM
Review the pull request and approve to merge,BDC-19,10146,Source Code Management & Version Control,Done,BDC,BMS-DevOps-Capstone,software,Saurabh Wakase,712020:bd0b7537-7920-472d-9b26-0209da07b19e,,Medium,Done,Saurabh Wakase,712020:bd0b7537-7920-472d-9b26-0209da07b19e,Saurabh Wakase,712020:bd0b7537-7920-472d-9b26-0209da07b19e,Saurabh Wakase,712020:bd0b7537-7920-472d-9b26-0209da07b19e,14/Sep/25 11:43 PM,15/Sep/25 12:11 AM,,15/Sep/25 12:11 AM,,0,,,Automation for Jira,Saurabh Wakase,557058:f58131cb-b67d-43c7-b30d-6b58d40bd077,712020:bd0b7537-7920-472d-9b26-0209da07b19e,,,,,,,,,,,com.atlassian.servicedesk.plugins.approvals.internal.customfield.ApprovalsCFValue@5862008a,,,,,,,,,,,,,,,,,,,,,,,,,,,,,,,,,,,,0|i0006t:,,,,,,BDC Sprint 1,,,,,,,,,,,,2025-09-14 18:13:24.215,10095_*:*_1_*:*_214113_*|*_10096_*:*_1_*:*_0,,14/Sep/25 11:43 PM;557058:f58131cb-b67d-43c7-b30d-6b58d40bd077;Auto-assigned the task via automation rule.,,,,Done,15/Sep/25 12:11 AM
Fork the GitHub repo,BDC-18,10145,Source Code Management & Version Control,Done,BDC,BMS-DevOps-Capstone,software,Saurabh Wakase,712020:bd0b7537-7920-472d-9b26-0209da07b19e,,Medium,Done,Saurabh Wakase,712020:bd0b7537-7920-472d-9b26-0209da07b19e,Saurabh Wakase,712020:bd0b7537-7920-472d-9b26-0209da07b19e,Saurabh Wakase,712020:bd0b7537-7920-472d-9b26-0209da07b19e,14/Sep/25 11:43 PM,15/Sep/25 12:11 AM,,14/Sep/25 11:46 PM,,0,,,Automation for Jira,Saurabh Wakase,557058:f58131cb-b67d-43c7-b30d-6b58d40bd077,712020:bd0b7537-7920-472d-9b26-0209da07b19e,,,,,,,,,,,com.atlassian.servicedesk.plugins.approvals.internal.customfield.ApprovalsCFValue@3753f44b,,,,,,,,,,,,,,,,,,,,,,,,,,,,,,,,,,,,0|i0006h:,,,,,,BDC Sprint 1,,,,,,,,,,,,2025-09-14 18:13:04.394,10095_*:*_1_*:*_220989_*|*_10096_*:*_1_*:*_0,,14/Sep/25 11:43 PM;557058:f58131cb-b67d-43c7-b30d-6b58d40bd077;Auto-assigned the task via automation rule.,,,,Done,14/Sep/25 11:46 PM
Push the changes via the feature branch,BDC-17,10144,Source Code Management & Version Control,Done,BDC,BMS-DevOps-Capstone,software,Saurabh Wakase,712020:bd0b7537-7920-472d-9b26-0209da07b19e,,Medium,Done,Saurabh Wakase,712020:bd0b7537-7920-472d-9b26-0209da07b19e,Saurabh Wakase,712020:bd0b7537-7920-472d-9b26-0209da07b19e,Saurabh Wakase,712020:bd0b7537-7920-472d-9b26-0209da07b19e,14/Sep/25 11:42 PM,15/Sep/25 12:11 AM,,15/Sep/25 12:11 AM,,0,,,Automation for Jira,Saurabh Wakase,557058:f58131cb-b67d-43c7-b30d-6b58d40bd077,712020:bd0b7537-7920-472d-9b26-0209da07b19e,,,,,,,,,,,com.atlassian.servicedesk.plugins.approvals.internal.customfield.ApprovalsCFValue@664d38fa,,,,,,,,,,,,,,,,,,,,,,,,,,,,,,,,,,,,0|i0006r:,,,,,,BDC Sprint 1,,,,,,,,,,,,2025-09-14 18:12:21.29,10095_*:*_1_*:*_268422_*|*_10096_*:*_1_*:*_0,,14/Sep/25 11:42 PM;557058:f58131cb-b67d-43c7-b30d-6b58d40bd077;Auto-assigned the task via automation rule.,,,,Done,15/Sep/25 12:11 AM
Create a new feature branch and make changes,BDC-16,10143,Source Code Management & Version Control,Done,BDC,BMS-DevOps-Capstone,software,Saurabh Wakase,712020:bd0b7537-7920-472d-9b26-0209da07b19e,,Medium,Done,Saurabh Wakase,712020:bd0b7537-7920-472d-9b26-0209da07b19e,Saurabh Wakase,712020:bd0b7537-7920-472d-9b26-0209da07b19e,Saurabh Wakase,712020:bd0b7537-7920-472d-9b26-0209da07b19e,14/Sep/25 11:42 PM,15/Sep/25 12:11 AM,,14/Sep/25 11:47 PM,,0,,,Automation for Jira,Saurabh Wakase,557058:f58131cb-b67d-43c7-b30d-6b58d40bd077,712020:bd0b7537-7920-472d-9b26-0209da07b19e,,,,,,,,,,,com.atlassian.servicedesk.plugins.approvals.internal.customfield.ApprovalsCFValue@7ae5654e,,,,,,,,,,,,,,,,,,,,,,,,,,,,,,,,,,,,0|i0006k:,,,,,,BDC Sprint 1,,,,,,,,,,,,2025-09-14 18:12:02.345,10095_*:*_1_*:*_279568_*|*_10096_*:*_1_*:*_0,,14/Sep/25 11:42 PM;557058:f58131cb-b67d-43c7-b30d-6b58d40bd077;Auto-assigned the task via automation rule.,,,,Done,14/Sep/25 11:47 PM
Book-my-Show-CICD-Implemention,BDC-15,10142,Epic,Done,BDC,BMS-DevOps-Capstone,software,Saurabh Wakase,712020:bd0b7537-7920-472d-9b26-0209da07b19e,,Medium,Done,Saurabh Wakase,712020:bd0b7537-7920-472d-9b26-0209da07b19e,Saurabh Wakase,712020:bd0b7537-7920-472d-9b26-0209da07b19e,Saurabh Wakase,712020:bd0b7537-7920-472d-9b26-0209da07b19e,14/Sep/25 11:32 PM,15/Sep/25 11:35 AM,14/Sep/25 11:33 PM,15/Sep/25 11:35 AM,15/Sep/25 12:00 AM,0,,,Automation for Jira,Saurabh Wakase,557058:f58131cb-b67d-43c7-b30d-6b58d40bd077,712020:bd0b7537-7920-472d-9b26-0209da07b19e,,,,,,,,,,,com.atlassian.servicedesk.plugins.approvals.internal.customfield.ApprovalsCFValue@7ffdcd6e,,,,,,,,,,,,,,,,,,,,,,,,,,,,,,,,,,,,0|i0006b:,,,,,,,,13/Sep/25 12:00 AM,,,,,,,,,,2025-09-14 18:02:42.666,10095_*:*_1_*:*_43339892_*|*_10097_*:*_1_*:*_0,,14/Sep/25 11:32 PM;557058:f58131cb-b67d-43c7-b30d-6b58d40bd077;Auto-assigned the task via automation rule.,,,,Done,15/Sep/25 11:35 AM
